Customer_ID,Customer_Name,Age,Gender,City,Customer_Segment,Registration_Date,Total_Orders,Total_Spending,Last_Purchase_Date,Total_Profit,Days_Since_Last_Purchase,Churn_Status
C1000,Ishita_1,46,Male,Varanasi,Premium,2023-03-13,10,68118.0,2026-03-17,16472.0,105,No
C1001,Arjun_2,36,Male,Mumbai,Occasional,2024-04-03,4,45288.0,2025-06-18,11087.0,377,Yes
C1002,Rohan_3,41,Female,Agra,Occasional,2023-11-05,4,19915.0,2026-05-17,5582.0,44,No
C1003,Rohan_4,19,Male,Prayagraj,Premium,2023-10-04,7,44905.0,2025-08-01,10376.0,333,Yes
C1004,Meera_5,44,Female,Gurugram,Regular,2024-11-12,16,81544.5,2025-09-30,23769.5,273,Yes
C1005,Ishita_6,20,Female,Delhi,Regular,2024-10-08,7,50316.0,2026-01-21,12745.0,160,Yes
C1006,Neha_7,21,Female,Kanpur,Occasional,2023-01-14,10,63459.5,2026-02-08,13961.5,142,Yes
C1007,Rohan_8,19,Female,Mumbai,Premium,2024-01-02,9,67720.5,2026-06-22,15703.5,8,No
C1008,Vivaan_9,52,Female,Agra,Premium,2024-07-15,11,70978.5,2026-06-21,12553.5,9,No
C1009,Rohan_10,59,Female,Prayagraj,Occasional,2024-04-21,10,89023.5,2026-06-16,19838.5,14,No
C1010,Karan_11,27,Female,Kanpur,Premium,2023-09-27,13,117628.5,2026-02-16,23916.5,134,Yes
C1011,Meera_12,31,Male,Agra,Regular,2024-12-02,16,78116.0,2026-05-20,17012.0,41,No
C1012,Aditi_13,41,Male,Kanpur,Premium,2025-02-02,12,52203.5,2026-06-10,11523.5,20,No
C1013,Neha_14,46,Female,Gurugram,Regular,2023-03-06,10,60817.0,2026-01-29,11904.0,152,Yes
C1014,Yash_15,18,Male,Agra,Regular,2024-04-16,6,19163.5,2026-05-25,3397.5,36,No
C1015,Kavya_16,25,Female,Lucknow,Premium,2023-10-16,17,100528.0,2026-05-28,21147.0,33,No
C1016,Vivaan_17,58,Female,Varanasi,Premium,2023-07-20,6,48799.5,2026-04-10,11890.5,81,No
C1017,Priya_18,40,Female,Lucknow,Premium,2025-03-15,8,37091.5,2026-04-01,6595.5,90,No
C1018,Sneha_19,44,Female,Prayagraj,Regular,2025-01-08,14,105143.0,2025-10-18,29973.0,255,Yes
C1019,Ishita_20,18,Female,Delhi,Occasional,2024-05-17,11,56700.5,2026-05-06,13735.5,55,No
C1020,Yash_21,32,Male,Gurugram,Regular,2024-07-07,13,71185.5,2026-03-31,15307.5,91,No
C1021,Aditi_22,49,Female,Varanasi,Regular,2024-04-29,21,97591.0,2026-05-30,25447.0,31,No
C1022,Vivaan_23,30,Male,Jaipur,Premium,2024-11-29,14,67717.5,2026-06-18,14063.5,12,No
C1023,Rahul_24,23,Male,Mumbai,Regular,2024-09-11,7,42637.0,2025-05-29,10452.0,397,Yes
C1024,Simran_25,45,Male,Mumbai,Regular,2023-07-09,10,33816.0,2025-12-23,5848.0,189,Yes
C1025,Riya_26,20,Male,Gurugram,Regular,2024-03-31,10,118927.0,2026-05-22,27252.0,39,No
C1026,Neha_27,59,Male,Lucknow,Regular,2025-04-06,11,54423.0,2026-03-29,12786.0,93,No
C1027,Riya_28,29,Male,Jaipur,Premium,2024-01-21,11,52641.0,2026-03-14,9961.0,108,No
C1028,Riya_29,34,Male,Lucknow,Regular,2023-01-02,10,59778.5,2026-05-20,12162.5,41,No
C1029,Ananya_30,18,Male,Lucknow,Regular,2023-05-10,17,119711.0,2026-03-24,33025.0,98,No
C1030,Ananya_31,21,Male,Varanasi,Regular,2023-07-03,8,45885.5,2026-06-09,5093.5,21,No
C1031,Meera_32,22,Female,Agra,Regular,2023-07-17,11,45079.0,2026-06-24,7287.0,6,No
C1032,Aditya_33,26,Male,Lucknow,Premium,2023-11-22,6,35769.5,2026-05-15,5729.5,46,No
C1033,Ishita_34,53,Male,Jaipur,Regular,2024-05-25,6,48984.5,2026-05-24,14867.5,37,No
C1034,Priya_35,58,Female,Jaipur,Regular,2024-10-01,11,64573.5,2026-03-06,15929.5,116,No
C1035,Kavya_36,28,Male,Lucknow,Regular,2024-04-17,6,31569.0,2026-04-26,5563.0,65,No
C1036,Simran_37,24,Female,Delhi,Occasional,2023-12-12,10,77102.0,2026-01-21,18079.0,160,Yes
C1037,Riya_38,19,Female,Lucknow,Occasional,2023-09-11,13,70589.5,2026-03-14,13477.5,108,No
C1038,Aditya_39,26,Male,Varanasi,Premium,2024-10-20,8,37086.0,2026-03-28,8775.0,94,No
C1039,Rahul_40,41,Male,Jaipur,Premium,2024-11-03,5,27680.5,2025-12-19,4838.5,193,Yes
C1040,Aditya_41,25,Female,Lucknow,Premium,2023-04-14,14,118356.0,2026-04-25,28028.0,66,No
C1041,Aditya_42,52,Female,Gurugram,Regular,2023-12-04,10,73952.5,2026-04-22,16052.5,69,No
C1042,Meera_43,53,Female,Gurugram,Regular,2025-03-11,10,48175.0,2026-06-02,12923.0,28,No
C1043,Meera_44,25,Female,Jaipur,Regular,2024-02-05,15,73922.5,2026-05-26,17315.5,35,No
C1044,Ananya_45,39,Male,Delhi,Premium,2025-01-19,11,111718.0,2026-05-11,22137.0,50,No
C1045,Aarav_46,25,Female,Delhi,Regular,2023-08-14,9,59992.0,2026-05-27,13494.0,34,No
C1046,Aditya_47,22,Male,Lucknow,Regular,2025-03-26,8,55946.5,2026-04-21,10660.5,70,No
C1047,Ananya_48,34,Female,Lucknow,Occasional,2023-06-07,8,26524.0,2026-06-26,3673.0,4,No
C1048,Aditya_49,58,Female,Delhi,Regular,2023-12-15,10,68967.0,2026-04-17,19736.0,74,No
C1049,Pooja_50,38,Male,Lucknow,Regular,2023-06-10,11,69727.5,2026-04-20,17854.5,71,No
C1050,Sneha_51,59,Female,Gurugram,Occasional,2024-07-23,11,49247.5,2026-03-20,11525.5,102,No
C1051,Kavya_52,49,Female,Agra,Regular,2024-10-24,16,80255.0,2026-06-28,19365.0,2,No
C1052,Meera_53,43,Female,Kanpur,Premium,2024-01-28,12,41774.5,2026-06-01,9211.5,29,No
C1053,Aditi_54,46,Male,Varanasi,Occasional,2024-06-21,4,29057.0,2026-03-14,6859.0,108,No
C1054,Priya_55,24,Male,Mumbai,Regular,2024-11-15,10,79563.0,2026-05-14,16608.0,47,No
C1055,Yash_56,40,Male,Delhi,Regular,2023-12-20,12,47168.0,2026-05-11,12691.0,50,No
C1056,Kavya_57,39,Female,Gurugram,Regular,2023-12-08,17,99481.5,2026-02-13,23013.5,137,Yes
C1057,Priya_58,32,Male,Prayagraj,Regular,2024-03-19,11,49785.0,2026-06-02,11459.0,28,No
C1058,Simran_59,22,Male,Noida,Regular,2025-02-12,11,38241.0,2026-05-08,8482.0,53,No
C1059,Kavya_60,57,Female,Delhi,Occasional,2023-09-26,10,71256.5,2026-06-23,10671.5,7,No
C1060,Riya_61,34,Male,Delhi,Regular,2025-02-25,5,20737.5,2025-02-23,3789.5,492,Yes
C1061,Aarav_62,40,Male,Mumbai,Regular,2024-10-02,14,78803.0,2026-06-27,16510.0,3,No
C1062,Aditi_63,49,Female,Kanpur,Regular,2024-07-13,9,55562.5,2026-04-07,11038.5,84,No
C1063,Aditya_64,18,Female,Noida,Premium,2024-12-04,12,57531.0,2026-05-04,10245.0,57,No
C1064,Sneha_65,33,Male,Mumbai,Regular,2023-03-27,6,63439.5,2026-05-06,10733.5,55,No
C1065,Meera_66,47,Female,Noida,Regular,2024-03-28,11,81224.0,2026-05-16,20942.0,45,No
C1066,Kavya_67,56,Male,Noida,Regular,2023-09-11,14,127513.0,2026-04-26,29341.0,65,No
C1067,Yash_68,22,Female,Prayagraj,Regular,2023-06-29,12,73841.0,2026-01-24,15595.0,157,Yes
C1068,Meera_69,49,Female,Mumbai,Premium,2023-11-21,10,63402.5,2026-01-24,18341.5,157,Yes
C1069,Simran_70,33,Female,Agra,Occasional,2024-05-11,14,71891.5,2026-05-08,15798.5,53,No
C1070,Yash_71,29,Male,Agra,Regular,2024-01-15,10,84210.0,2026-05-27,15729.0,34,No
C1071,Rahul_72,29,Male,Noida,Premium,2024-02-21,8,46065.5,2026-06-22,9687.5,8,No
C1072,Kavya_73,52,Male,Kanpur,Regular,2023-03-31,13,147525.0,2026-03-29,39127.0,93,No
C1073,Pooja_74,51,Male,Mumbai,Premium,2023-07-15,16,87251.5,2026-06-01,20010.5,29,No
C1074,Riya_75,53,Male,Agra,Regular,2025-01-30,6,47293.5,2025-11-27,10879.5,215,Yes
C1075,Arjun_76,41,Female,Gurugram,Premium,2024-11-19,10,53442.5,2026-03-27,11205.5,95,No
C1076,Riya_77,56,Female,Kanpur,Occasional,2024-10-24,11,56682.5,2026-05-29,14043.5,32,No
C1077,Simran_78,30,Female,Lucknow,Occasional,2025-03-08,9,66713.0,2025-10-12,13526.0,261,Yes
C1078,Rohan_79,39,Male,Gurugram,Regular,2023-01-19,6,31360.5,2026-06-29,6964.5,1,No
C1079,Simran_80,36,Male,Gurugram,Occasional,2024-03-30,8,32103.5,2026-06-18,6411.5,12,No
C1080,Simran_81,33,Male,Delhi,Premium,2023-04-09,11,44540.0,2026-05-15,10145.0,46,No
C1081,Aditi_82,53,Female,Noida,Occasional,2023-05-24,8,65557.0,2026-05-28,12484.0,33,No
C1082,Riya_83,59,Female,Noida,Regular,2024-02-02,8,31954.0,2026-06-17,6715.0,13,No
C1083,Rohan_84,40,Female,Delhi,Regular,2025-04-22,15,82652.0,2026-05-21,20452.0,40,No
C1084,Sneha_85,27,Female,Gurugram,Occasional,2023-09-10,11,77051.0,2026-06-26,16603.0,4,No
C1085,Riya_86,59,Male,Agra,Premium,2025-03-05,6,55485.0,2026-03-06,17712.0,116,No
C1086,Simran_87,55,Female,Noida,Occasional,2024-05-10,14,88239.0,2026-05-07,16668.0,54,No
C1087,Yash_88,24,Female,Lucknow,Regular,2023-05-12,6,17862.5,2026-04-20,4328.5,71,No
C1088,Aditya_89,56,Male,Prayagraj,Regular,2024-06-14,13,76111.5,2026-01-04,18329.5,177,Yes
C1089,Neha_90,45,Female,Kanpur,Regular,2024-10-21,10,45429.0,2026-01-14,11807.0,167,Yes
C1090,Nisha_91,18,Female,Varanasi,Occasional,2023-12-14,4,15218.5,2026-05-14,3018.5,47,No
C1091,Aditi_92,50,Male,Gurugram,Occasional,2023-05-14,10,79591.5,2026-01-20,22272.5,161,Yes
C1092,Arjun_93,33,Female,Noida,Occasional,2023-07-22,10,64159.0,2026-05-16,13286.0,45,No
C1093,Nisha_94,36,Female,Delhi,Regular,2024-02-06,11,51850.0,2026-05-04,8329.0,57,No
C1094,Meera_95,20,Female,Lucknow,Occasional,2023-01-12,7,39639.0,2026-02-23,8537.0,127,Yes
C1095,Arjun_96,55,Male,Agra,Regular,2024-10-29,6,54994.5,2025-09-20,16571.5,283,Yes
C1096,Riya_97,25,Male,Mumbai,Regular,2023-06-27,9,70989.5,2026-03-18,17396.5,104,No
C1097,Neha_98,53,Female,Gurugram,Regular,2024-05-16,14,83012.0,2026-05-30,21146.0,31,No
C1098,Sneha_99,37,Female,Lucknow,Regular,2025-01-21,12,86850.0,2026-03-08,20529.0,114,No
C1099,Vivaan_100,23,Female,Delhi,Premium,2023-09-13,14,105336.0,2026-06-09,24887.0,21,No
C1100,Aarav_101,47,Female,Mumbai,Regular,2023-01-05,10,49127.0,2026-06-17,11211.0,13,No
C1101,Nisha_102,18,Male,Prayagraj,Regular,2023-08-27,8,36737.5,2025-09-17,6517.5,286,Yes
C1102,Meera_103,51,Male,Lucknow,Regular,2024-05-25,16,102717.0,2026-05-17,21764.0,44,No
C1103,Ananya_104,23,Female,Varanasi,Occasional,2024-12-09,4,24557.0,2026-02-20,5668.0,130,Yes
C1104,Yash_105,40,Female,Delhi,Occasional,2024-11-07,11,82916.0,2026-05-14,21767.0,47,No
C1105,Aditi_106,38,Male,Lucknow,Occasional,2023-01-01,15,67225.5,2026-01-24,11148.5,157,Yes
C1106,Priya_107,18,Female,Jaipur,Regular,2025-03-10,9,37900.5,2025-09-16,8059.5,287,Yes
C1107,Pooja_108,43,Male,Varanasi,Occasional,2024-03-13,13,75079.0,2026-03-03,16449.0,119,No
C1108,Meera_109,22,Male,Lucknow,Regular,2025-02-01,8,61390.5,2026-03-10,13895.5,112,No
C1109,Ishita_110,32,Female,Varanasi,Occasional,2024-07-31,10,50665.5,2026-02-21,13846.5,129,Yes
C1110,Karan_111,51,Male,Prayagraj,Premium,2023-04-08,7,34317.5,2026-01-09,4829.5,172,Yes
C1111,Karan_112,51,Male,Delhi,Regular,2023-06-15,14,114635.5,2026-06-15,27674.5,15,No
C1112,Kavya_113,59,Female,Varanasi,Occasional,2023-05-13,8,103649.0,2026-02-11,27525.0,139,Yes
C1113,Riya_114,34,Male,Agra,Regular,2024-05-22,13,92708.0,2026-05-20,18743.0,41,No
C1114,Rahul_115,23,Male,Kanpur,Regular,2023-07-24,9,60937.0,2026-05-29,17867.0,32,No
C1115,Meera_116,40,Male,Delhi,Regular,2023-04-05,17,74564.5,2026-04-05,17118.5,86,No
C1116,Aditya_117,21,Male,Agra,Regular,2024-11-26,6,42965.0,2025-05-12,8377.0,414,Yes
C1117,Ananya_118,36,Female,Kanpur,Regular,2024-04-10,11,98417.5,2026-05-31,28119.5,30,No
C1118,Nisha_119,22,Male,Lucknow,Occasional,2023-12-12,12,61834.0,2026-05-04,15903.0,57,No
C1119,Karan_120,44,Male,Mumbai,Regular,2023-09-06,6,22592.0,2026-06-19,2941.0,11,No
C1120,Arjun_121,47,Male,Agra,Regular,2023-02-17,10,84891.0,2026-05-30,20973.0,31,No
C1121,Karan_122,25,Female,Lucknow,Occasional,2023-09-10,10,80848.0,2026-04-10,15142.0,81,No
C1122,Vivaan_123,39,Male,Agra,Regular,2023-01-28,4,23616.0,2025-10-22,7334.0,251,Yes
C1123,Sneha_124,31,Male,Mumbai,Premium,2023-01-07,11,67650.0,2026-05-21,19050.0,40,No
C1124,Riya_125,55,Female,Kanpur,Regular,2023-01-15,10,56064.0,2025-10-06,13331.0,267,Yes
C1125,Rohan_126,56,Male,Mumbai,Regular,2023-08-19,7,31142.0,2026-06-04,7993.0,26,No
C1126,Aditya_127,34,Male,Gurugram,Premium,2023-01-25,10,37854.0,2026-05-10,8115.0,51,No
C1127,Karan_128,35,Male,Gurugram,Premium,2023-04-21,22,195819.5,2026-06-29,55525.5,1,No
C1128,Riya_129,57,Male,Agra,Regular,2024-08-17,6,31022.0,2026-06-23,6968.0,7,No
C1129,Aditi_130,43,Female,Prayagraj,Regular,2024-03-18,9,40786.0,2025-11-09,10168.0,233,Yes
C1130,Ananya_131,54,Female,Prayagraj,Regular,2024-03-12,9,59729.5,2026-06-19,14554.5,11,No
C1131,Neha_132,21,Female,Prayagraj,Regular,2024-03-21,9,30509.0,2026-06-28,6906.0,2,No
C1132,Ananya_133,20,Female,Varanasi,Premium,2023-02-09,8,75374.5,2026-03-22,16116.5,100,No
C1133,Nisha_134,37,Female,Kanpur,Regular,2023-01-04,16,153815.0,2026-06-03,30950.0,27,No
C1134,Rahul_135,55,Female,Agra,Premium,2024-03-16,11,71536.5,2026-04-03,15390.5,88,No
C1135,Arjun_136,43,Male,Agra,Regular,2023-10-27,12,66208.0,2026-06-12,17756.0,18,No
C1136,Aarav_137,37,Male,Delhi,Regular,2023-04-23,9,37961.0,2026-03-04,8219.0,118,No
C1137,Arjun_138,31,Male,Mumbai,Regular,2025-03-15,10,52285.0,2026-06-23,10287.0,7,No
C1138,Kavya_139,50,Male,Delhi,Regular,2023-01-10,6,12192.0,2026-02-23,2832.0,127,Yes
C1139,Riya_140,30,Female,Kanpur,Regular,2024-08-18,13,73545.0,2026-06-23,16634.0,7,No
C1140,Nisha_141,34,Male,Gurugram,Regular,2024-07-03,15,72768.0,2026-04-28,19137.0,63,No
C1141,Rohan_142,31,Female,Noida,Occasional,2024-04-03,7,41192.0,2026-06-09,9841.0,21,No
C1142,Priya_143,52,Female,Delhi,Premium,2023-11-16,2,11233.0,2026-04-13,1649.0,78,No
C1143,Riya_144,54,Male,Gurugram,Occasional,2025-03-08,11,84945.0,2025-12-21,20531.0,191,Yes
C1144,Aditi_145,36,Female,Noida,Occasional,2024-02-14,12,58768.0,2026-05-16,15014.0,45,No
C1145,Sneha_146,42,Female,Mumbai,Regular,2025-04-19,16,147127.0,2026-05-14,33619.0,47,No
C1146,Nisha_147,55,Female,Delhi,Regular,2024-07-28,13,91226.0,2026-06-26,21483.0,4,No
C1147,Ishita_148,19,Female,Lucknow,Regular,2024-09-07,12,152468.5,2026-05-08,38509.5,53,No
C1148,Kavya_149,23,Female,Delhi,Premium,2024-01-26,8,50118.0,2026-03-01,10093.0,121,Yes
C1149,Ishita_150,32,Female,Jaipur,Regular,2023-10-16,13,58876.0,2026-05-11,14635.0,50,No
C1150,Aarav_151,46,Male,Jaipur,Premium,2023-04-07,9,26985.5,2026-05-24,6887.5,37,No
C1151,Aarav_152,39,Female,Jaipur,Occasional,2024-05-31,7,39909.0,2025-11-23,10469.0,219,Yes
C1152,Simran_153,55,Female,Prayagraj,Occasional,2025-03-25,11,65884.5,2026-06-14,15479.5,16,No
C1153,Arjun_154,32,Female,Agra,Regular,2023-09-18,6,50111.0,2026-05-03,14052.0,58,No
C1154,Rahul_155,44,Female,Kanpur,Premium,2025-01-24,13,121631.5,2026-05-17,30785.5,44,No
C1155,Ananya_156,37,Male,Noida,Regular,2025-04-21,6,22641.0,2026-01-05,5692.0,176,Yes
C1156,Aditi_157,40,Male,Agra,Premium,2023-10-29,8,57814.0,2026-02-05,13761.0,145,Yes
C1157,Rahul_158,35,Female,Agra,Premium,2024-09-14,9,40421.0,2026-03-19,11759.0,103,No
C1158,Kavya_159,21,Female,Jaipur,Premium,2025-03-15,10,39284.5,2026-05-03,7586.5,58,No
C1159,Priya_160,45,Male,Lucknow,Premium,2023-02-20,12,64933.5,2026-06-14,12746.5,16,No
C1160,Sneha_161,39,Female,Gurugram,Regular,2025-02-07,13,83446.5,2026-05-27,18854.5,34,No
C1161,Yash_162,40,Female,Jaipur,Regular,2025-04-10,12,69092.0,2026-06-26,19115.0,4,No
C1162,Simran_163,32,Male,Agra,Regular,2023-11-05,6,37452.5,2025-09-06,10237.5,297,Yes
C1163,Rahul_164,43,Male,Gurugram,Regular,2024-07-28,6,69290.5,2026-06-07,16787.5,23,No
C1164,Nisha_165,19,Male,Prayagraj,Premium,2024-04-19,10,42323.5,2026-02-02,7896.5,148,Yes
C1165,Aarav_166,41,Female,Delhi,Regular,2023-06-29,9,26227.0,2026-06-11,6494.0,19,No
C1166,Pooja_167,46,Female,Lucknow,Regular,2024-10-23,8,55391.0,2026-04-21,12985.0,70,No
C1167,Priya_168,24,Female,Noida,Regular,2023-12-27,10,36655.5,2026-05-30,7584.5,31,No
C1168,Yash_169,24,Female,Lucknow,Regular,2023-05-21,10,68603.5,2026-05-12,17002.5,49,No
C1169,Aditi_170,36,Male,Agra,Regular,2024-10-31,9,75194.5,2026-04-26,17199.5,65,No
C1170,Pooja_171,36,Male,Agra,Premium,2024-08-12,13,114335.5,2026-03-07,31205.5,115,No
C1171,Arjun_172,45,Male,Kanpur,Premium,2023-08-10,7,48465.0,2026-04-12,6647.0,79,No
C1172,Kavya_173,25,Female,Lucknow,Regular,2024-10-04,12,85573.0,2026-04-07,21261.0,84,No
C1173,Pooja_174,51,Male,Delhi,Occasional,2023-03-28,14,48280.0,2025-12-15,8356.0,197,Yes
C1174,Priya_175,46,Male,Varanasi,Regular,2023-11-09,9,59861.0,2026-04-23,15659.0,68,No
C1175,Priya_176,54,Male,Prayagraj,Premium,2024-08-31,9,44700.5,2026-01-07,12474.5,174,Yes
C1176,Sneha_177,52,Male,Kanpur,Premium,2023-03-19,7,37569.0,2026-05-22,7033.0,39,No
C1177,Pooja_178,54,Male,Jaipur,Regular,2025-01-04,8,59515.0,2026-01-12,16313.0,169,Yes
C1178,Meera_179,27,Male,Varanasi,Occasional,2023-05-31,10,52741.5,2026-06-04,12833.5,26,No
C1179,Karan_180,53,Female,Delhi,Occasional,2023-03-23,9,64663.0,2026-05-28,14881.0,33,No
C1180,Rohan_181,37,Male,Noida,Regular,2024-01-21,10,73415.0,2026-06-21,16216.0,9,No
C1181,Vivaan_182,22,Male,Jaipur,Premium,2023-09-13,10,71999.5,2026-03-08,16382.5,114,No
C1182,Kavya_183,52,Female,Noida,Regular,2023-12-30,7,57263.5,2025-09-28,14681.5,275,Yes
C1183,Nisha_184,40,Female,Agra,Regular,2024-12-21,9,63884.5,2026-04-12,15532.5,79,No
C1184,Rahul_185,57,Female,Gurugram,Regular,2023-10-08,7,23080.5,2026-03-02,5487.5,120,No
C1185,Riya_186,43,Female,Jaipur,Premium,2023-04-19,9,47212.5,2026-04-11,11386.5,80,No
C1186,Ananya_187,35,Female,Prayagraj,Premium,2023-02-11,20,141670.0,2026-05-11,33492.0,50,No
C1187,Kavya_188,34,Male,Kanpur,Premium,2024-01-13,7,46749.5,2026-06-18,8367.5,12,No
C1188,Priya_189,38,Male,Prayagraj,Occasional,2023-10-14,14,72181.5,2026-06-23,18954.5,7,No
C1189,Aditi_190,29,Female,Kanpur,Regular,2025-03-31,6,14891.5,2026-06-30,3161.5,0,No
C1190,Vivaan_191,43,Male,Lucknow,Regular,2024-12-02,10,79414.0,2025-12-30,17825.0,182,Yes
C1191,Rahul_192,60,Male,Prayagraj,Premium,2024-11-23,11,45718.5,2026-03-23,10024.5,99,No
C1192,Priya_193,28,Male,Agra,Premium,2023-04-23,7,35194.5,2026-05-14,7704.5,47,No
C1193,Riya_194,51,Male,Delhi,Occasional,2024-10-25,9,58880.0,2025-12-19,11415.0,193,Yes
C1194,Aditya_195,50,Male,Agra,Regular,2025-01-20,5,12742.0,2026-05-18,3050.0,43,No
C1195,Vivaan_196,60,Female,Jaipur,Premium,2024-05-21,11,85961.0,2026-03-24,20680.0,98,No
C1196,Nisha_197,43,Male,Gurugram,Regular,2023-03-14,10,54433.0,2025-12-27,12856.0,185,Yes
C1197,Ishita_198,42,Female,Lucknow,Regular,2024-09-07,4,23183.0,2025-10-27,5769.0,246,Yes
C1198,Ananya_199,20,Male,Delhi,Premium,2023-04-18,11,56411.0,2026-06-15,15904.0,15,No
C1199,Nisha_200,29,Male,Kanpur,Occasional,2023-02-13,5,42706.0,2026-05-24,10474.0,37,No
C1200,Meera_201,27,Female,Lucknow,Regular,2024-05-11,13,114227.0,2026-05-21,26509.0,40,No
C1201,Riya_202,36,Female,Agra,Occasional,2024-10-22,9,35724.0,2025-09-24,7645.0,279,Yes
C1202,Rohan_203,33,Female,Prayagraj,Occasional,2024-06-20,11,92343.5,2026-05-31,23678.5,30,No
C1203,Meera_204,58,Female,Mumbai,Regular,2023-02-16,11,83610.0,2026-06-29,21216.0,1,No
C1204,Sneha_205,34,Male,Varanasi,Occasional,2023-03-27,5,35731.0,2026-05-20,8572.0,41,No
C1205,Pooja_206,24,Male,Noida,Regular,2024-11-18,11,52828.5,2026-04-20,14201.5,71,No
C1206,Nisha_207,56,Male,Jaipur,Occasional,2024-03-18,11,68175.0,2026-06-02,15835.0,28,No
C1207,Riya_208,52,Female,Agra,Regular,2025-03-23,13,60678.0,2026-04-11,12545.0,80,No
C1208,Nisha_209,43,Female,Agra,Premium,2023-12-30,5,35824.0,2026-03-22,7445.0,100,No
C1209,Meera_210,46,Female,Jaipur,Premium,2024-02-01,14,88219.0,2026-05-31,19558.0,30,No
C1210,Aditi_211,19,Male,Mumbai,Occasional,2023-06-19,8,66973.0,2026-03-10,15324.0,112,No
C1211,Nisha_212,49,Female,Kanpur,Regular,2023-02-08,12,69638.5,2026-03-30,12044.5,92,No
C1212,Ishita_213,33,Female,Noida,Regular,2023-08-27,8,42311.0,2026-05-08,10585.0,53,No
C1213,Sneha_214,22,Female,Jaipur,Regular,2024-11-19,9,83653.0,2026-04-11,19304.0,80,No
C1214,Meera_215,47,Female,Agra,Regular,2023-05-26,13,88179.0,2026-06-08,21436.0,22,No
C1215,Arjun_216,32,Male,Lucknow,Regular,2025-03-27,16,70726.5,2026-01-19,15004.5,162,Yes
C1216,Sneha_217,54,Female,Mumbai,Regular,2024-01-15,11,61834.5,2026-05-10,15932.5,51,No
C1217,Simran_218,28,Female,Agra,Regular,2023-08-14,16,135405.0,2026-06-16,31697.0,14,No
C1218,Yash_219,25,Female,Jaipur,Regular,2024-07-28,10,78433.5,2026-06-23,20247.5,7,No
C1219,Aditya_220,60,Male,Mumbai,Regular,2023-08-06,6,46425.0,2026-05-09,9415.0,52,No
C1220,Nisha_221,23,Female,Agra,Occasional,2023-02-23,17,121012.5,2026-05-11,24576.5,50,No
C1221,Kavya_222,52,Female,Gurugram,Regular,2025-01-22,8,35690.5,2026-04-04,9703.5,87,No
C1222,Aditya_223,35,Female,Delhi,Occasional,2023-08-04,13,49446.5,2026-03-03,11483.5,119,No
C1223,Sneha_224,30,Male,Prayagraj,Premium,2023-03-30,10,73099.0,2026-04-06,15106.0,85,No
C1224,Neha_225,51,Male,Noida,Regular,2023-11-19,12,78388.0,2026-02-02,15508.0,148,Yes
C1225,Priya_226,42,Female,Delhi,Occasional,2023-06-19,6,64579.0,2026-03-18,15329.0,104,No
C1226,Karan_227,22,Female,Gurugram,Regular,2023-08-14,4,22093.0,2026-02-14,5959.0,136,Yes
C1227,Ananya_228,25,Female,Prayagraj,Regular,2023-06-25,9,45480.0,2026-05-26,10859.0,35,No
C1228,Aditi_229,30,Female,Noida,Regular,2024-08-15,5,54836.0,2026-02-15,12582.0,135,Yes
C1229,Aditi_230,20,Male,Delhi,Premium,2023-02-09,12,56661.5,2026-05-31,13575.5,30,No
C1230,Aarav_231,23,Female,Lucknow,Premium,2023-12-02,11,97611.5,2025-12-08,24652.5,204,Yes
C1231,Arjun_232,30,Female,Gurugram,Occasional,2023-12-11,16,79198.0,2026-06-07,19190.0,23,No
C1232,Yash_233,24,Female,Prayagraj,Occasional,2024-07-10,9,78623.5,2025-12-12,21201.5,200,Yes
C1233,Ishita_234,59,Male,Varanasi,Regular,2023-12-29,9,50158.0,2025-07-22,9567.0,343,Yes
C1234,Ishita_235,53,Female,Kanpur,Regular,2024-08-11,4,19981.0,2026-05-30,6236.0,31,No
C1235,Nisha_236,49,Male,Kanpur,Occasional,2024-10-28,8,46005.5,2026-03-12,9559.5,110,No
C1236,Aditya_237,48,Male,Agra,Regular,2024-03-23,7,31884.0,2026-06-26,6652.0,4,No
C1237,Vivaan_238,36,Female,Prayagraj,Regular,2024-08-08,13,53359.0,2026-06-30,12837.0,0,No
C1238,Nisha_239,46,Female,Noida,Regular,2024-04-28,13,107855.5,2026-03-13,21801.5,109,No
C1239,Pooja_240,34,Female,Prayagraj,Regular,2024-12-05,9,42892.5,2026-01-23,7663.5,158,Yes
C1240,Aditya_241,31,Female,Kanpur,Regular,2023-10-12,6,57489.0,2026-06-25,17053.0,5,No
C1241,Karan_242,29,Male,Jaipur,Regular,2023-02-02,10,72477.0,2026-06-18,14941.0,12,No
C1242,Vivaan_243,28,Female,Delhi,Regular,2024-06-21,7,39501.0,2025-11-16,9858.0,226,Yes
C1243,Rahul_244,34,Male,Jaipur,Regular,2024-05-03,8,41926.0,2026-06-10,6517.0,20,No
C1244,Aditya_245,49,Male,Jaipur,Premium,2023-03-25,14,74485.5,2026-06-21,12259.5,9,No
C1245,Simran_246,45,Female,Lucknow,Regular,2023-10-30,14,111468.0,2026-06-12,26563.0,18,No
C1246,Ananya_247,36,Male,Prayagraj,Regular,2024-01-22,9,75637.0,2026-03-15,18049.0,107,No
C1247,Pooja_248,52,Male,Kanpur,Premium,2025-03-03,10,34179.5,2025-12-22,9248.5,190,Yes
C1248,Sneha_249,42,Female,Agra,Regular,2023-11-05,11,82172.0,2026-06-09,23527.0,21,No
C1249,Aditya_250,24,Female,Kanpur,Occasional,2024-11-23,17,94386.0,2026-06-11,22154.0,19,No
C1250,Rohan_251,32,Male,Jaipur,Premium,2023-07-25,8,38134.0,2026-03-12,6910.0,110,No
C1251,Vivaan_252,53,Female,Jaipur,Premium,2025-04-10,14,97933.0,2026-06-04,20048.0,26,No
C1252,Pooja_253,25,Male,Agra,Regular,2024-12-17,10,64693.5,2026-05-05,14552.5,56,No
C1253,Aarav_254,48,Female,Kanpur,Premium,2023-01-11,5,20268.0,2024-06-02,4060.0,758,Yes
C1254,Neha_255,58,Male,Prayagraj,Premium,2023-08-02,10,53396.5,2026-06-18,11240.5,12,No
C1255,Simran_256,29,Female,Lucknow,Regular,2024-11-02,10,55266.0,2026-06-14,13808.0,16,No
C1256,Vivaan_257,27,Female,Lucknow,Regular,2023-08-30,8,35959.5,2026-06-01,8942.5,29,No
C1257,Ishita_258,50,Female,Lucknow,Regular,2024-08-11,7,53745.0,2026-05-28,9228.0,33,No
C1258,Karan_259,55,Female,Kanpur,Premium,2024-11-16,10,80815.5,2026-02-14,15924.5,136,Yes
C1259,Aditya_260,59,Male,Kanpur,Occasional,2023-11-01,5,37194.5,2026-01-17,6674.5,164,Yes
C1260,Neha_261,26,Female,Prayagraj,Premium,2023-12-25,12,93051.0,2026-06-05,22578.0,25,No
C1261,Simran_262,29,Female,Kanpur,Premium,2024-11-20,10,57093.5,2026-06-13,11623.5,17,No
C1262,Aditya_263,28,Female,Varanasi,Occasional,2024-01-25,4,21249.0,2025-06-10,5513.0,385,Yes
C1263,Aditi_264,59,Male,Gurugram,Regular,2023-01-12,13,108279.5,2025-11-15,27523.5,227,Yes
C1264,Yash_265,36,Female,Gurugram,Premium,2023-12-22,12,99261.0,2026-06-08,18391.0,22,No
C1265,Neha_266,23,Female,Kanpur,Regular,2024-10-23,16,128381.0,2026-05-07,21234.0,54,No
C1266,Karan_267,45,Male,Delhi,Regular,2023-02-04,15,124293.5,2026-04-04,31963.5,87,No
C1267,Simran_268,24,Male,Lucknow,Premium,2024-12-25,9,65603.5,2026-01-28,14100.5,153,Yes
C1268,Pooja_269,21,Female,Noida,Occasional,2024-01-17,13,105076.5,2026-06-23,24307.5,7,No
C1269,Arjun_270,49,Female,Lucknow,Premium,2023-09-07,10,69836.0,2026-03-15,15270.0,107,No
C1270,Yash_271,32,Female,Kanpur,Premium,2025-02-12,10,46334.0,2026-06-21,11421.0,9,No
C1271,Karan_272,29,Male,Delhi,Premium,2024-06-13,7,34204.0,2026-01-09,5522.0,172,Yes
C1272,Kavya_273,52,Female,Lucknow,Occasional,2023-04-10,15,97451.0,2026-06-21,18980.0,9,No
C1273,Karan_274,54,Female,Kanpur,Regular,2024-07-06,9,56833.5,2026-04-02,11766.5,89,No
C1274,Nisha_275,56,Male,Agra,Regular,2023-05-10,9,83412.5,2026-04-30,17807.5,61,No
C1275,Aarav_276,45,Male,Gurugram,Regular,2023-08-17,10,62193.0,2026-04-19,11980.0,72,No
C1276,Rahul_277,29,Male,Agra,Regular,2023-10-28,11,82224.0,2026-05-13,19612.0,48,No
C1277,Kavya_278,20,Male,Mumbai,Regular,2024-08-14,7,34963.0,2026-05-26,8824.0,35,No
C1278,Aarav_279,18,Male,Gurugram,Premium,2025-02-14,5,92832.5,2026-03-17,29920.5,105,No
C1279,Riya_280,37,Male,Gurugram,Premium,2023-04-17,11,45271.5,2026-06-17,9786.5,13,No
C1280,Simran_281,45,Female,Noida,Regular,2024-09-11,5,47612.0,2025-06-25,12271.0,370,Yes
C1281,Aarav_282,31,Male,Kanpur,Regular,2024-05-25,11,50750.0,2026-01-15,13472.0,166,Yes
C1282,Aarav_283,52,Male,Varanasi,Regular,2025-01-26,11,74162.5,2026-05-29,14164.5,32,No
C1283,Rahul_284,31,Female,Lucknow,Occasional,2023-10-03,7,45085.5,2026-05-18,11125.5,43,No
C1284,Karan_285,42,Female,Kanpur,Premium,2023-07-04,9,42489.0,2026-02-11,10346.0,139,Yes
C1285,Aditi_286,40,Female,Kanpur,Regular,2023-05-31,11,97195.0,2026-05-26,25350.0,35,No
C1286,Aarav_287,33,Female,Jaipur,Regular,2024-01-10,12,41191.5,2026-06-13,8407.5,17,No
C1287,Karan_288,25,Male,Varanasi,Occasional,2023-12-24,9,87713.5,2026-02-23,21135.5,127,Yes
C1288,Pooja_289,18,Female,Kanpur,Regular,2023-08-06,3,21102.0,2025-10-12,4156.0,261,Yes
C1289,Rohan_290,34,Female,Kanpur,Premium,2023-10-30,6,31729.0,2026-06-08,6479.0,22,No
C1290,Meera_291,42,Female,Agra,Premium,2025-03-11,6,33955.0,2026-03-25,7987.0,97,No
C1291,Ananya_292,22,Female,Noida,Regular,2023-08-08,21,153582.0,2026-06-20,34969.0,10,No
C1292,Aditi_293,50,Male,Gurugram,Occasional,2024-11-18,9,35735.0,2026-04-05,8161.0,86,No
C1293,Arjun_294,28,Female,Gurugram,Occasional,2024-01-16,11,69745.0,2026-04-09,17888.0,82,No
C1294,Yash_295,36,Female,Prayagraj,Occasional,2024-08-16,6,25442.5,2026-05-06,4915.5,55,No
C1295,Karan_296,41,Male,Lucknow,Regular,2024-03-30,11,48634.0,2026-06-21,12084.0,9,No
C1296,Aarav_297,29,Female,Lucknow,Premium,2023-05-23,16,91697.5,2026-05-28,22589.5,33,No
C1297,Aditya_298,49,Male,Lucknow,Regular,2023-04-12,10,84607.5,2026-05-30,17428.5,31,No
C1298,Priya_299,31,Female,Agra,Regular,2025-02-15,7,45613.0,2026-02-09,9323.0,141,Yes
C1299,Rohan_300,23,Female,Kanpur,Regular,2023-08-09,12,85002.5,2026-06-13,20663.5,17,No
C1300,Rahul_301,51,Female,Noida,Regular,2023-10-27,16,96567.0,2026-05-10,23255.0,51,No
C1301,Aditi_302,23,Female,Varanasi,Occasional,2023-12-30,5,24761.5,2026-05-18,6075.5,43,No
C1302,Karan_303,40,Male,Noida,Premium,2023-12-02,9,26007.0,2026-06-21,5608.0,9,No
C1303,Aditi_304,53,Female,Gurugram,Regular,2025-02-21,8,56046.5,2025-09-12,12139.5,291,Yes
C1304,Karan_305,36,Male,Prayagraj,Regular,2024-01-08,6,23906.0,2026-06-12,5292.0,18,No
C1305,Vivaan_306,25,Male,Delhi,Premium,2024-02-24,3,12947.5,2026-02-21,3442.5,129,Yes
C1306,Ishita_307,30,Male,Lucknow,Regular,2023-12-11,11,78055.5,2026-05-16,19317.5,45,No
C1307,Nisha_308,56,Female,Mumbai,Regular,2024-08-05,14,63168.5,2026-04-12,13428.5,79,No
C1308,Ishita_309,59,Female,Mumbai,Regular,2023-03-25,13,81369.5,2026-06-13,17413.5,17,No
C1309,Aditi_310,18,Male,Prayagraj,Premium,2024-11-15,11,66194.5,2026-04-23,12607.5,68,No
C1310,Neha_311,39,Female,Varanasi,Premium,2024-12-26,8,37382.5,2026-06-14,8313.5,16,No
C1311,Meera_312,41,Male,Mumbai,Occasional,2024-09-28,6,24707.0,2026-04-06,6443.0,85,No
C1312,Yash_313,43,Male,Lucknow,Regular,2024-08-02,11,104715.5,2026-03-23,25808.5,99,No
C1313,Kavya_314,56,Female,Jaipur,Occasional,2023-05-26,6,55659.0,2025-11-27,12923.0,215,Yes
C1314,Aarav_315,22,Male,Lucknow,Occasional,2024-04-27,7,49153.0,2026-06-15,13308.0,15,No
C1315,Aditya_316,38,Male,Varanasi,Regular,2024-03-07,9,64007.0,2026-04-08,17533.0,83,No
C1316,Vivaan_317,49,Female,Varanasi,Premium,2024-08-12,10,84805.0,2025-09-19,20101.0,284,Yes
C1317,Ishita_318,24,Female,Delhi,Regular,2025-04-14,9,74732.5,2026-04-28,16030.5,63,No
C1318,Arjun_319,28,Female,Gurugram,Occasional,2024-11-30,8,45245.5,2026-01-19,4313.5,162,Yes
C1319,Arjun_320,55,Female,Mumbai,Occasional,2023-06-16,4,19197.5,2026-04-23,4651.5,68,No
C1320,Ananya_321,54,Female,Agra,Regular,2023-03-14,8,27665.5,2026-05-19,6224.5,42,No
C1321,Riya_322,56,Male,Gurugram,Occasional,2024-07-14,18,101583.0,2026-03-26,24462.0,96,No
C1322,Rohan_323,25,Female,Noida,Premium,2024-07-15,7,24075.5,2026-04-14,4977.5,77,No
C1323,Vivaan_324,20,Male,Mumbai,Occasional,2023-05-10,8,37314.0,2025-10-10,8687.0,263,Yes
C1324,Priya_325,34,Female,Prayagraj,Regular,2024-04-15,8,62587.5,2026-06-27,13244.5,3,No
C1325,Meera_326,53,Female,Prayagraj,Premium,2024-04-21,12,76122.0,2026-02-18,20855.0,132,Yes
C1326,Rohan_327,47,Male,Mumbai,Regular,2023-01-12,6,44800.0,2026-05-18,10255.0,43,No
C1327,Yash_328,37,Male,Agra,Regular,2024-06-25,6,33946.0,2026-01-19,6496.0,162,Yes
C1328,Simran_329,22,Female,Agra,Regular,2023-09-05,6,27882.0,2025-02-18,7182.0,497,Yes
C1329,Meera_330,39,Male,Prayagraj,Occasional,2025-01-12,8,57039.5,2026-01-23,12427.5,158,Yes
C1330,Pooja_331,51,Male,Prayagraj,Regular,2025-03-14,18,135074.0,2026-06-23,31526.0,7,No
C1331,Rahul_332,58,Male,Kanpur,Premium,2025-01-30,14,77295.5,2026-04-11,13503.5,80,No
C1332,Aditya_333,40,Female,Delhi,Regular,2024-04-10,6,33595.5,2025-12-01,8403.5,211,Yes
C1333,Kavya_334,60,Female,Prayagraj,Occasional,2023-11-12,12,91281.0,2026-01-07,24563.0,174,Yes
C1334,Kavya_335,59,Female,Lucknow,Regular,2024-03-04,10,61245.0,2026-05-12,13566.0,49,No
C1335,Aditya_336,20,Female,Prayagraj,Regular,2024-06-09,13,76880.5,2026-03-17,14597.5,105,No
C1336,Pooja_337,44,Female,Kanpur,Occasional,2024-04-10,9,51161.5,2026-06-11,12813.5,19,No
C1337,Arjun_338,42,Female,Mumbai,Occasional,2023-09-10,10,79570.5,2026-06-19,18504.5,11,No
C1338,Aditya_339,33,Female,Lucknow,Regular,2024-01-16,13,83134.5,2026-06-16,21177.5,14,No
C1339,Vivaan_340,23,Male,Gurugram,Regular,2023-04-27,6,29370.0,2026-05-22,3569.0,39,No
C1340,Aditi_341,42,Male,Jaipur,Regular,2023-06-22,11,125881.5,2026-02-18,34541.5,132,Yes
C1341,Rahul_342,35,Male,Jaipur,Premium,2024-03-22,15,105520.5,2026-06-13,21162.5,17,No
C1342,Kavya_343,40,Male,Kanpur,Occasional,2024-05-31,9,46872.0,2026-05-19,7425.0,42,No
C1343,Karan_344,19,Male,Gurugram,Regular,2024-11-20,19,152324.5,2026-04-09,30246.5,82,No
C1344,Sneha_345,40,Male,Gurugram,Regular,2023-04-09,6,42397.0,2025-07-12,6431.0,353,Yes
C1345,Arjun_346,24,Female,Delhi,Premium,2025-02-02,8,36974.5,2025-08-31,8457.5,303,Yes
C1346,Simran_347,57,Female,Varanasi,Regular,2023-12-25,11,75630.5,2026-06-28,14925.5,2,No
C1347,Aditya_348,55,Male,Jaipur,Occasional,2023-03-04,9,44882.0,2026-03-17,10447.0,105,No
C1348,Riya_349,44,Male,Varanasi,Regular,2024-06-09,9,56498.0,2026-03-14,11269.0,108,No
C1349,Karan_350,19,Male,Varanasi,Regular,2024-02-09,9,68001.0,2026-04-30,14356.0,61,No
C1350,Aditi_351,27,Female,Noida,Premium,2024-02-27,11,87792.5,2025-11-13,20326.5,229,Yes
C1351,Riya_352,43,Male,Noida,Regular,2023-08-01,11,78859.0,2026-06-04,18196.0,26,No
C1352,Simran_353,34,Male,Jaipur,Premium,2024-11-30,9,46772.5,2026-06-27,9552.5,3,No
C1353,Pooja_354,43,Male,Varanasi,Regular,2024-06-29,11,74536.0,2026-04-21,17409.0,70,No
C1354,Kavya_355,52,Male,Agra,Occasional,2024-03-11,12,88971.5,2026-06-24,17801.5,6,No
C1355,Neha_356,59,Female,Noida,Regular,2023-04-15,15,112969.5,2026-04-27,23455.5,64,No
C1356,Kavya_357,18,Female,Gurugram,Regular,2024-07-13,7,50993.5,2026-03-28,8566.5,94,No
C1357,Priya_358,57,Male,Kanpur,Regular,2024-12-15,15,123963.0,2026-05-13,24672.0,48,No
C1358,Rohan_359,25,Male,Prayagraj,Regular,2023-06-22,9,73389.0,2025-10-23,22389.0,250,Yes
C1359,Rahul_360,40,Female,Lucknow,Regular,2025-04-24,6,33533.0,2026-06-25,9032.0,5,No
C1360,Priya_361,41,Male,Lucknow,Occasional,2023-01-17,4,20518.5,2025-11-07,4231.5,235,Yes
C1361,Yash_362,48,Male,Mumbai,Occasional,2024-10-12,16,112753.5,2026-06-17,24711.5,13,No
C1362,Priya_363,45,Male,Varanasi,Regular,2024-03-17,9,44913.0,2026-01-23,7079.0,158,Yes
C1363,Priya_364,55,Male,Mumbai,Occasional,2024-01-03,7,72074.5,2026-05-07,15270.5,54,No
C1364,Nisha_365,42,Female,Agra,Regular,2024-04-07,6,28646.0,2026-01-29,7074.0,152,Yes
C1365,Pooja_366,21,Female,Jaipur,Occasional,2023-06-18,8,68936.0,2026-03-16,16128.0,106,No
C1366,Aditi_367,38,Male,Mumbai,Regular,2024-05-02,11,56789.5,2026-04-29,9350.5,62,No
C1367,Vivaan_368,49,Female,Noida,Premium,2023-10-15,13,69414.5,2026-04-10,13269.5,81,No
C1368,Priya_369,32,Male,Mumbai,Regular,2024-02-06,6,34075.0,2026-03-05,8857.0,117,No
C1369,Rohan_370,42,Male,Mumbai,Occasional,2024-02-18,8,48019.5,2026-03-26,11038.5,96,No
C1370,Ishita_371,38,Male,Delhi,Regular,2024-06-27,14,96559.0,2026-05-03,22251.0,58,No
C1371,Priya_372,29,Female,Lucknow,Premium,2024-06-13,7,24791.5,2026-05-16,5583.5,45,No
C1372,Rahul_373,24,Male,Agra,Regular,2025-01-05,13,80383.0,2026-03-28,18476.0,94,No
C1373,Karan_374,39,Female,Gurugram,Regular,2025-02-19,12,84648.0,2026-01-18,19267.0,163,Yes
C1374,Rohan_375,44,Female,Jaipur,Regular,2024-04-07,10,55011.0,2026-06-29,11023.0,1,No
C1375,Yash_376,60,Female,Prayagraj,Regular,2023-12-19,11,101557.0,2026-06-28,27357.0,2,No
C1376,Riya_377,46,Male,Varanasi,Premium,2023-04-18,17,110984.5,2025-06-29,21669.5,366,Yes
C1377,Riya_378,59,Female,Agra,Regular,2024-08-06,6,20485.0,2026-05-30,5764.0,31,No
C1378,Kavya_379,18,Male,Delhi,Regular,2024-04-27,7,33313.0,2025-11-12,5509.0,230,Yes
C1379,Ishita_380,60,Male,Kanpur,Premium,2024-02-09,10,81700.5,2025-10-20,22400.5,253,Yes
C1380,Kavya_381,58,Male,Kanpur,Premium,2024-01-28,11,59581.0,2026-05-16,11601.0,45,No
C1381,Simran_382,29,Female,Mumbai,Premium,2023-01-14,10,54596.5,2026-02-23,13127.5,127,Yes
C1382,Arjun_383,48,Male,Delhi,Regular,2025-04-03,7,35776.0,2026-04-27,8682.0,64,No
C1383,Ananya_384,37,Female,Jaipur,Regular,2023-08-15,4,16424.0,2025-09-23,4310.0,280,Yes
C1384,Arjun_385,57,Male,Noida,Premium,2023-07-21,8,31593.0,2025-12-23,6969.0,189,Yes
C1385,Sneha_386,37,Male,Gurugram,Regular,2024-08-05,12,81577.5,2026-03-04,17400.5,118,No
C1386,Arjun_387,41,Male,Delhi,Premium,2024-11-28,16,124257.5,2026-03-23,31812.5,99,No
C1387,Yash_388,41,Female,Agra,Premium,2024-08-16,12,74088.0,2026-05-28,17205.0,33,No
C1388,Ananya_389,36,Male,Lucknow,Premium,2023-04-19,11,68993.0,2026-02-21,12823.0,129,Yes
C1389,Arjun_390,48,Female,Noida,Regular,2023-01-19,10,52306.5,2026-03-05,11512.5,117,No
C1390,Karan_391,50,Male,Varanasi,Regular,2024-09-19,10,58748.0,2026-05-08,14989.0,53,No
C1391,Karan_392,50,Male,Gurugram,Regular,2023-09-17,7,77694.0,2026-03-05,15498.0,117,No
C1392,Riya_393,31,Female,Prayagraj,Occasional,2023-05-17,10,38393.0,2026-06-09,8938.0,21,No
C1393,Aditi_394,27,Male,Gurugram,Regular,2024-09-10,12,118596.5,2026-06-09,26134.5,21,No
C1394,Kavya_395,34,Female,Prayagraj,Occasional,2024-07-16,11,110234.0,2025-11-04,26138.0,238,Yes
C1395,Simran_396,43,Female,Delhi,Regular,2023-12-15,9,50215.0,2026-06-23,11304.0,7,No
C1396,Arjun_397,38,Male,Lucknow,Premium,2023-09-18,10,34144.0,2026-06-12,5395.0,18,No
C1397,Arjun_398,56,Male,Varanasi,Occasional,2024-10-02,7,53840.0,2026-06-28,14575.0,2,No
C1398,Simran_399,58,Male,Prayagraj,Regular,2025-04-07,13,76200.0,2026-06-23,16043.0,7,No
C1399,Ishita_400,42,Female,Agra,Regular,2024-02-12,10,57578.0,2025-10-24,13636.0,249,Yes
C1400,Kavya_401,45,Female,Delhi,Regular,2025-04-27,13,81461.5,2026-06-16,19538.5,14,No
C1401,Rahul_402,30,Male,Gurugram,Regular,2025-04-20,11,71594.0,2026-06-08,17165.0,22,No
C1402,Pooja_403,35,Female,Jaipur,Regular,2024-03-16,10,77137.5,2026-05-12,22594.5,49,No
C1403,Rahul_404,44,Male,Lucknow,Regular,2024-09-30,10,51763.5,2026-03-11,11404.5,111,No
C1404,Rohan_405,41,Female,Jaipur,Regular,2023-07-18,6,44555.0,2025-10-30,8906.0,243,Yes
C1405,Riya_406,31,Female,Agra,Occasional,2023-11-10,8,67741.5,2026-06-17,14023.5,13,No
C1406,Rohan_407,40,Male,Delhi,Regular,2023-11-01,14,78235.5,2026-06-10,18073.5,20,No
C1407,Kavya_408,58,Male,Gurugram,Regular,2024-09-20,9,74764.0,2026-04-25,17485.0,66,No
C1408,Vivaan_409,24,Female,Gurugram,Regular,2023-10-16,13,71893.0,2026-05-25,16992.0,36,No
C1409,Vivaan_410,60,Male,Mumbai,Regular,2024-08-20,8,43789.5,2026-06-03,7391.5,27,No
C1410,Vivaan_411,23,Female,Prayagraj,Regular,2025-04-21,8,57670.5,2026-05-10,12386.5,51,No
C1411,Ishita_412,19,Male,Prayagraj,Regular,2023-05-24,8,56907.5,2026-02-21,8887.5,129,Yes
C1412,Kavya_413,29,Male,Prayagraj,Occasional,2023-10-21,15,89712.5,2026-06-22,19976.5,8,No
C1413,Arjun_414,49,Male,Delhi,Regular,2024-06-15,12,48957.0,2026-04-02,10735.0,89,No
C1414,Simran_415,39,Male,Jaipur,Occasional,2025-01-13,8,66070.0,2026-04-27,19261.0,64,No
C1415,Vivaan_416,57,Female,Gurugram,Premium,2023-01-26,10,40111.5,2026-05-21,9579.5,40,No
C1416,Aditya_417,20,Female,Gurugram,Regular,2023-04-07,8,43821.0,2026-05-18,10011.0,43,No
C1417,Rahul_418,56,Female,Prayagraj,Regular,2024-08-23,6,24585.0,2026-05-01,5661.0,60,No
C1418,Priya_419,22,Female,Delhi,Regular,2024-05-18,13,76932.0,2026-06-16,22511.0,14,No
C1419,Neha_420,45,Female,Agra,Premium,2024-04-29,8,73895.0,2026-01-27,15847.0,154,Yes
C1420,Vivaan_421,35,Male,Agra,Premium,2024-04-12,12,80152.5,2026-03-27,17527.5,95,No
C1421,Rahul_422,33,Female,Varanasi,Occasional,2023-09-16,13,64928.0,2026-03-07,12968.0,115,No
C1422,Priya_423,55,Male,Agra,Regular,2023-05-09,13,77666.5,2026-04-16,19443.5,75,No
C1423,Ananya_424,49,Female,Noida,Regular,2024-09-10,13,76828.0,2026-05-12,21561.0,49,No
C1424,Meera_425,36,Female,Prayagraj,Premium,2024-06-07,10,70730.0,2026-06-15,16645.0,15,No
C1425,Ananya_426,38,Female,Lucknow,Regular,2023-06-11,10,51498.0,2026-05-30,11725.0,31,No
C1426,Aditya_427,48,Female,Mumbai,Regular,2024-10-01,8,71105.0,2026-04-09,20244.0,82,No
C1427,Riya_428,21,Female,Lucknow,Regular,2024-10-27,11,44817.5,2026-06-29,9821.5,1,No
C1428,Ananya_429,45,Female,Delhi,Occasional,2024-01-07,14,83645.5,2026-06-26,16046.5,4,No
C1429,Vivaan_430,28,Female,Delhi,Regular,2023-12-30,8,61488.0,2026-01-29,14589.0,152,Yes
C1430,Aarav_431,20,Female,Prayagraj,Regular,2025-03-08,6,39020.5,2025-08-28,9200.5,306,Yes
C1431,Pooja_432,52,Male,Noida,Premium,2023-02-10,8,38782.0,2026-01-15,9365.0,166,Yes
C1432,Nisha_433,28,Female,Mumbai,Premium,2023-06-25,11,79126.0,2026-03-16,20962.0,106,No
C1433,Meera_434,28,Female,Noida,Regular,2023-10-16,14,113051.0,2026-03-27,24441.0,95,No
C1434,Ishita_435,19,Male,Kanpur,Regular,2023-09-05,8,64705.5,2026-06-23,16219.5,7,No
C1435,Aditya_436,26,Female,Prayagraj,Occasional,2023-01-01,8,41645.5,2026-04-02,11276.5,89,No
C1436,Aditya_437,42,Male,Jaipur,Regular,2023-05-23,12,78873.5,2026-04-28,23775.5,63,No
C1437,Aditya_438,31,Female,Gurugram,Occasional,2024-02-05,16,102692.5,2026-06-11,24245.5,19,No
C1438,Vivaan_439,50,Female,Kanpur,Premium,2023-08-07,13,42468.0,2026-05-21,7159.0,40,No
C1439,Aditya_440,55,Male,Agra,Regular,2024-05-15,8,81107.5,2026-04-08,16355.5,83,No
C1440,Priya_441,47,Female,Delhi,Regular,2024-05-21,8,49070.0,2026-06-19,15950.0,11,No
C1441,Yash_442,31,Female,Agra,Regular,2024-12-27,11,97122.5,2026-01-13,24291.5,168,Yes
C1442,Aditi_443,20,Female,Delhi,Occasional,2024-12-13,14,157658.5,2026-06-08,41652.5,22,No
C1443,Yash_444,31,Female,Varanasi,Premium,2025-02-01,9,42155.5,2026-06-14,5874.5,16,No
C1444,Priya_445,31,Male,Jaipur,Regular,2024-03-12,10,42029.0,2026-06-21,10780.0,9,No
C1445,Sneha_446,47,Male,Lucknow,Regular,2024-11-03,7,41827.5,2026-05-31,8254.5,30,No
C1446,Arjun_447,52,Male,Noida,Premium,2023-11-30,20,125717.0,2026-03-22,24352.0,100,No
C1447,Neha_448,45,Female,Jaipur,Premium,2024-09-28,9,70541.5,2025-09-07,21479.5,296,Yes
C1448,Aditya_449,33,Male,Agra,Regular,2024-03-07,9,42190.5,2026-06-10,9985.5,20,No
C1449,Riya_450,38,Female,Kanpur,Regular,2023-11-21,4,34285.0,2026-03-12,7584.0,110,No
C1450,Arjun_451,50,Female,Delhi,Occasional,2023-07-20,6,59907.5,2025-09-05,14736.5,298,Yes
C1451,Aditi_452,34,Male,Delhi,Premium,2024-04-24,7,39410.0,2026-04-15,8290.0,76,No
C1452,Karan_453,57,Male,Varanasi,Regular,2024-08-10,4,33559.0,2025-02-18,7999.0,497,Yes
C1453,Yash_454,36,Female,Gurugram,Regular,2024-08-27,4,44301.0,2026-02-06,8884.0,144,Yes
C1454,Ishita_455,37,Female,Prayagraj,Regular,2023-06-28,8,41258.0,2026-06-24,11407.0,6,No
C1455,Vivaan_456,39,Female,Jaipur,Premium,2024-08-01,10,76282.0,2026-03-09,17895.0,113,No
C1456,Ananya_457,51,Male,Agra,Regular,2023-12-27,7,50789.0,2026-06-21,15122.0,9,No
C1457,Priya_458,39,Male,Prayagraj,Regular,2024-07-26,7,55531.0,2026-02-20,11454.0,130,Yes
C1458,Aditya_459,59,Female,Delhi,Regular,2023-04-03,9,80669.0,2025-11-27,17535.0,215,Yes
C1459,Nisha_460,31,Female,Agra,Regular,2025-01-18,10,61506.5,2025-12-25,18439.5,187,Yes
C1460,Nisha_461,25,Male,Prayagraj,Regular,2024-08-24,10,88418.5,2026-05-14,24342.5,47,No
C1461,Riya_462,60,Male,Mumbai,Regular,2023-08-21,12,62277.0,2026-06-24,12155.0,6,No
C1462,Ishita_463,58,Female,Lucknow,Regular,2025-02-27,18,141557.5,2026-06-25,39274.5,5,No
C1463,Yash_464,58,Male,Varanasi,Premium,2024-12-04,12,77264.0,2025-12-31,20913.0,181,Yes
C1464,Aditi_465,57,Male,Lucknow,Occasional,2023-11-28,13,144514.5,2026-02-20,38675.5,130,Yes
C1465,Sneha_466,43,Female,Lucknow,Premium,2023-09-07,12,50896.5,2026-05-25,11881.5,36,No
C1466,Simran_467,47,Male,Varanasi,Regular,2024-12-27,10,60647.0,2026-06-23,18839.0,7,No
C1467,Pooja_468,35,Male,Kanpur,Regular,2024-11-03,11,60009.0,2026-02-05,12400.0,145,Yes
C1468,Rohan_469,36,Female,Noida,Occasional,2023-03-25,14,64004.0,2025-12-22,14030.0,190,Yes
C1469,Neha_470,32,Female,Mumbai,Premium,2025-02-08,8,65906.5,2026-03-17,11512.5,105,No
C1470,Yash_471,19,Female,Mumbai,Regular,2023-09-23,9,59454.0,2026-03-10,17299.0,112,No
C1471,Ananya_472,26,Female,Prayagraj,Regular,2024-06-23,13,72873.0,2026-05-25,14743.0,36,No
C1472,Priya_473,19,Female,Noida,Regular,2024-01-22,8,66646.0,2026-02-10,16865.0,140,Yes
C1473,Aarav_474,34,Female,Kanpur,Regular,2023-09-25,9,77158.0,2026-04-27,21514.0,64,No
C1474,Ananya_475,32,Male,Varanasi,Occasional,2023-08-01,10,77718.5,2026-03-09,15971.5,113,No
C1475,Neha_476,60,Male,Noida,Regular,2024-09-02,9,91121.5,2026-06-13,22089.5,17,No
C1476,Aditya_477,55,Female,Noida,Regular,2023-07-07,10,66291.0,2025-11-15,14267.0,227,Yes
C1477,Priya_478,45,Female,Delhi,Regular,2023-02-10,13,115924.5,2026-05-13,31730.5,48,No
C1478,Riya_479,53,Male,Mumbai,Regular,2024-11-09,7,52985.0,2026-06-05,13386.0,25,No
C1479,Simran_480,21,Male,Varanasi,Regular,2025-04-12,19,93086.5,2026-06-10,25597.5,20,No
C1480,Rahul_481,46,Male,Delhi,Regular,2024-02-23,9,56125.0,2026-01-20,12245.0,161,Yes
C1481,Simran_482,55,Female,Lucknow,Regular,2024-01-27,9,65301.5,2026-06-17,17240.5,13,No
C1482,Aditi_483,29,Female,Agra,Premium,2023-01-31,10,74458.5,2026-04-07,20392.5,84,No
C1483,Rahul_484,22,Male,Kanpur,Regular,2023-12-10,5,30672.0,2026-03-26,6899.0,96,No
C1484,Kavya_485,43,Male,Jaipur,Regular,2023-12-29,6,43210.0,2025-12-14,7338.0,198,Yes
C1485,Riya_486,23,Female,Delhi,Regular,2023-09-02,5,20074.0,2026-01-26,4368.0,155,Yes
C1486,Arjun_487,54,Female,Mumbai,Occasional,2023-02-04,9,43834.0,2026-05-01,12132.0,60,No
C1487,Simran_488,26,Female,Kanpur,Premium,2023-03-18,10,71133.5,2026-03-23,15120.5,99,No
C1488,Neha_489,49,Male,Lucknow,Occasional,2023-03-09,14,80193.5,2025-12-20,17303.5,192,Yes
C1489,Yash_490,30,Female,Lucknow,Occasional,2025-03-31,9,94424.0,2026-02-16,27536.0,134,Yes
C1490,Nisha_491,59,Female,Delhi,Regular,2023-04-19,12,56049.0,2026-03-22,12609.0,100,No
C1491,Aarav_492,38,Female,Noida,Regular,2023-12-25,20,153978.5,2026-05-19,38790.5,42,No
C1492,Nisha_493,52,Male,Agra,Regular,2023-05-19,10,39790.5,2026-05-08,8884.5,53,No
C1493,Yash_494,35,Female,Delhi,Occasional,2025-01-30,6,29763.0,2026-02-01,4596.0,149,Yes
C1494,Riya_495,56,Male,Noida,Occasional,2023-10-11,11,54953.5,2026-05-10,7898.5,51,No
C1495,Rahul_496,36,Male,Jaipur,Occasional,2023-04-01,9,77238.0,2025-10-29,16639.0,244,Yes
C1496,Riya_497,29,Male,Prayagraj,Occasional,2025-01-27,10,39111.5,2026-05-31,9466.5,30,No
C1497,Yash_498,37,Male,Lucknow,Occasional,2024-06-07,12,91440.5,2026-04-13,28056.5,78,No
C1498,Ananya_499,43,Female,Delhi,Occasional,2025-01-17,5,40800.0,2026-06-13,8814.0,17,No
C1499,Karan_500,53,Male,Varanasi,Premium,2024-02-21,11,79809.5,2026-06-16,15411.5,14,No
